<?xml version="1.0" encoding="UTF-8" standalone="no"?>
<feature id="org.wso2.das.multitenancy.dashboard.ui" label="WSO2 Data Analytics Server - Multi-tenant Dashboard Feature" provider-name="%providerName" version="1.0.0.SNAPSHOT">
  <description>WSO2 Data Analytics Server  Multi-tenant Features</description>
  <copyright>%copyright</copyright>
  <license url="%licenseURL">%license</license>
  <plugin id="org.wso2.das.multitenancy.dashboard.ui" unpack="false" version="1.0.0.SNAPSHOT"/>
  <plugin id="org.wso2.carbon.ui.menu.stratos" unpack="false" version="2.2.0"/>
  <require>
    <import feature="org.wso2.carbon.core.ui" match="equivalent" version="4.4.3"/>
  </require>
</feature>
