<?xml version="1.0" encoding="UTF-8" standalone="no"?>
<feature id="org.wso2.das.multitenancy.style" label="WSO2 Data Analytics Server - Multi-tenant Style Feature" provider-name="%providerName" version="1.0.0.SNAPSHOT">
  <description>WSO2 Data Analytics Server  Multi-tenant Features</description>
  <copyright>%copyright</copyright>
  <license url="%licenseURL">%license</license>
  <plugin id="org.wso2.das.multitenancy.styles" unpack="false" version="1.0.0.SNAPSHOT"/>
  <require>
    <import feature="org.wso2.carbon.core.ui" match="equivalent" version="4.4.3"/>
  </require>
</feature>
